{"cameraMode":{"drawMode":0,"name":"Shaded","section":"Shading Mode"},"sceneLighting":true,"audioPlay":false,"sceneViewState":{"m_AlwaysRefresh":true,"showFog":true,"showSkybox":true,"showFlares":true,"showImageEffects":true,"showParticleSystems":true,"showVisualEffectGraphs":true,"m_FxEnabled":true},"in2DMode":false,"pivot":{"x":642.7122802734375,"y":-32.465484619140628,"z":38.021854400634769},"rotation":{"x":0.6064208149909973,"y":0.38829031586647036,"z":-0.4366016089916229,"w":0.5393182039260864},"size":153.98709106445313,"orthographic":false}