{"cameraMode":{"drawMode":0,"name":"Shaded","section":"Shading Mode"},"sceneLighting":true,"audioPlay":false,"sceneViewState":{"m_AlwaysRefresh":true,"showFog":true,"showSkybox":true,"showFlares":true,"showImageEffects":true,"showParticleSystems":true,"showVisualEffectGraphs":true,"m_FxEnabled":true},"in2DMode":false,"pivot":{"x":850.7463989257813,"y":-51.12388229370117,"z":-490.8564758300781},"rotation":{"x":0.024744383990764619,"y":0.9489700198173523,"z":-0.07703515142202378,"w":0.3048146665096283},"size":185.46994018554688,"orthographic":false}