{"cameraMode":{"drawMode":0,"name":"Shaded","section":"Shading Mode"},"sceneLighting":true,"audioPlay":false,"sceneViewState":{"showFog":true,"showMaterialUpdate":true,"showSkybox":false,"showFlares":true,"showImageEffects":true,"showParticleSystems":true},"in2DMode":false,"pivot":{"x":1.2445788383483887,"y":-0.17799997329711915,"z":-0.6455807685852051},"rotation":{"x":0.2714293301105499,"y":-0.4217553734779358,"z":0.1339382827281952,"w":0.8546982407569885},"size":4.317087173461914,"orthographic":false}